Serial_No,Time,FA0,FB0,CAin,CBin,T0,Q,Tcin,Fc,Ca,Cb,Cc,Cd,T,Tc,h,Xa
1,15:56:08,0.01,0.01,100,100,293,0,293,0.01,1.0542,1.0542,100.707,100.707,332.6142,299.6782,0.519,97.8916
2,15:56:09,0.01,0.01,100,100,293,0,293,0.01,1.0319,1.0319,102.4165,102.4165,331.1581,299.3713,0.5379,97.9361
3,15:56:09,0.01,0.01,100,100,293,0,293,0.01,1.048,1.048,104.019,104.019,329.8034,299.0788,0.5568,97.904
4,15:56:09,0.01,0.01,100,100,293,0,293,0.01,1.0639,1.0639,105.5576,105.5576,328.5404,298.8,0.5757,97.8723
5,15:56:10,0.01,0.01,100,100,293,0,293,0.01,1.0786,1.0786,107.0374,107.0374,327.3599,298.5342,0.5945,97.8428
6,15:56:11,0.01,0.01,100,100,293,0,293,0.01,1.0923,1.0923,108.462,108.462,326.2542,298.2808,0.6133,97.8154
7,15:56:12,0.01,0.01,100,100,293,0,293,0.01,1.105,1.105,109.8349,109.8349,325.2164,298.0394,0.6321,97.79
8,15:56:13,0.01,0.01,100,100,293,0,293,0.01,1.1168,1.1168,111.1591,111.1591,324.2405,297.8092,0.6508,97.7664
9,15:56:14,0.01,0.01,100,100,293,0,293,0.01,1.1277,1.1277,112.4373,112.4373,323.321,297.5899,0.6695,97.7446
10,15:56:15,0.01,0.01,100,100,293,0,293,0.01,1.1378,1.1378,113.6722,113.6722,322.4533,297.3808,0.6881,97.7244
11,15:56:16,0.01,0.01,100,100,293,0,293,0.01,1.1472,1.1472,114.866,114.866,321.6331,297.1816,0.7067,97.7056
12,15:56:17,0.01,0.01,100,100,293,0,293,0.01,1.1559,1.1559,116.0209,116.0209,320.8565,296.9917,0.7253,97.6883
13,15:56:18,0.01,0.01,100,100,293,0,293,0.01,1.1639,1.1639,117.139,117.139,320.1202,296.8108,0.7438,97.6722
14,15:56:19,0.01,0.01,100,100,293,0,293,0.01,1.1713,1.1713,118.2219,118.2219,319.4213,296.6384,0.7623,97.6574
15,15:56:20,0.01,0.01,100,100,293,0,293,0.01,1.1781,1.1781,119.2714,119.2714,318.7568,296.474,0.7808,97.6437
16,15:56:21,0.01,0.01,100,100,293,0,293,0.01,1.1844,1.1844,120.2892,120.2892,318.1243,296.3174,0.7992,97.6311
17,15:56:22,0.01,0.01,100,100,293,0,293,0.01,1.1903,1.1903,121.2766,121.2766,317.5216,296.1682,0.8176,97.6195
18,15:56:23,0.01,0.01,100,100,293,0,293,0.01,1.1956,1.1956,122.235,122.235,316.9466,296.026,0.8359,97.6088
19,15:56:24,0.01,0.01,100,100,293,0,293,0.01,1.2005,1.2005,123.1657,123.1657,316.3974,295.8905,0.8542,97.599
20,15:56:25,0.01,0.01,100,100,293,0,293,0.01,1.205,1.205,124.0699,124.0699,315.8724,295.7614,0.8725,97.59
21,15:56:26,0.01,0.01,100,100,293,0,293,0.01,1.2091,1.2091,124.9487,124.9487,315.37,295.6383,0.8907,97.5818
22,15:56:27,0.01,0.01,100,100,293,0,293,0.01,1.2129,1.2129,125.8031,125.8031,314.8887,295.521,0.9089,97.5743
23,15:56:28,0.01,0.01,100,100,293,0,293,0.01,1.2163,1.2163,126.6342,126.6342,314.4273,295.4093,0.9271,97.5674
24,15:56:29,0.01,0.01,100,100,293,0,293,0.01,1.2194,1.2194,127.4428,127.4428,313.9845,295.3028,0.9452,97.5612
25,15:56:30,0.01,0.01,100,100,293,0,293,0.01,1.2222,1.2222,128.2299,128.2299,313.5593,295.2012,0.9633,97.5556
26,15:56:31,0.01,0.01,100,100,293,0,293,0.01,1.2247,1.2247,128.9962,128.9962,313.1506,295.1045,0.9814,97.5506
27,15:56:32,0.01,0.01,100,100,293,0,293,0.01,1.227,1.227,129.7425,129.7425,312.7575,295.0123,0.9994,97.546
28,15:56:33,0.01,0.01,100,100,293,0,293,0.01,1.229,1.229,130.4695,130.4695,312.3791,294.9244,1.0174,97.542
29,15:56:34,0.01,0.01,100,100,293,0,293,0.01,1.2308,1.2308,131.178,131.178,312.0145,294.8407,1.0353,97.5384
30,15:56:35,0.01,0.01,100,100,293,0,293,0.01,1.2324,1.2324,131.8685,131.8685,311.6632,294.7608,1.0532,97.5353
31,15:56:36,0.01,0.01,100,100,293,0,293,0.01,1.2337,1.2337,132.5418,132.5418,311.3243,294.6847,1.0711,97.5326
32,15:56:37,0.01,0.01,100,100,293,0,293,0.01,1.2349,1.2349,133.1983,133.1983,310.9972,294.6122,1.089,97.5302
33,15:56:38,0.01,0.01,100,100,293,0,293,0.01,1.2359,1.2359,133.8387,133.8387,310.6812,294.543,1.1068,97.5282
34,15:56:39,0.01,0.01,100,100,293,0,293,0.01,1.2367,1.2367,134.4635,134.4635,310.376,294.4771,1.1245,97.5266
35,15:56:40,0.01,0.01,100,100,293,0,293,0.01,1.2374,1.2374,135.0731,135.0731,310.0808,294.4143,1.1423,97.5253
36,15:56:41,0.01,0.01,100,100,293,0,293,0.01,1.2379,1.2379,135.6682,135.6682,309.7952,294.3544,1.16,97.5242
37,15:56:42,0.01,0.01,100,100,293,0,293,0.01,1.2383,1.2383,136.249,136.249,309.5188,294.2973,1.1776,97.5235
38,15:56:43,0.01,0.01,100,100,293,0,293,0.01,1.2385,1.2385,136.8159,136.8159,309.2513,294.2429,1.1952,97.523
39,15:56:44,0.01,0.01,100,100,293,0,293,0.01,1.2386,1.2386,137.3694,137.3694,308.9921,294.191,1.2128,97.5228
40,15:56:45,0.01,0.01,100,100,293,0,293,0.01,1.2386,1.2386,137.91,137.91,308.7408,294.1415,1.2304,97.5228
41,15:56:46,0.01,0.01,100,100,293,0,293,0.01,1.2385,1.2385,138.4381,138.4381,308.4971,294.0943,1.2479,97.5231
42,15:56:47,0.01,0.01,100,100,293,0,293,0.01,1.2382,1.2382,138.954,138.954,308.2606,294.0494,1.2654,97.5235
43,15:56:48,0.01,0.01,100,100,293,0,293,0.01,1.2379,1.2379,139.458,139.458,308.031,294.0065,1.2829,97.5242
44,15:56:49,0.01,0.01,100,100,293,0,293,0.01,1.2375,1.2375,139.9506,139.9506,307.808,293.9655,1.3003,97.525
45,15:56:50,0.01,0.01,100,100,293,0,293,0.01,1.237,1.237,140.432,140.432,307.5914,293.9265,1.3176,97.526
46,15:56:51,0.01,0.01,100,100,293,0,293,0.01,1.2364,1.2364,140.9025,140.9025,307.3809,293.8893,1.335,97.5272
47,15:56:52,0.01,0.01,100,100,293,0,293,0.01,1.2357,1.2357,141.3625,141.3625,307.1762,293.8538,1.3523,97.5285
48,15:56:53,0.01,0.01,100,100,293,0,293,0.01,1.235,1.235,141.8122,141.8122,306.977,293.8199,1.3696,97.53
49,15:56:54,0.01,0.01,100,100,293,0,293,0.01,1.2342,1.2342,142.2518,142.2518,306.7832,293.7875,1.3868,97.5316
50,15:56:55,0.01,0.01,100,100,293,0,293,0.01,1.2333,1.2333,142.6817,142.6817,306.5946,293.7567,1.404,97.5334
51,15:56:56,0.01,0.01,100,100,293,0,293,0.01,1.2324,1.2324,143.1021,143.1021,306.4109,293.7273,1.4212,97.5352
52,15:56:57,0.01,0.01,100,100,293,0,293,0.01,1.2314,1.2314,143.5132,143.5132,306.2319,293.6992,1.4383,97.5372
53,15:56:58,0.01,0.01,100,100,293,0,293,0.01,1.2304,1.2304,143.9153,143.9153,306.0576,293.6724,1.4555,97.5393
54,15:56:59,0.01,0.01,100,100,293,0,293,0.01,1.2293,1.2293,144.3086,144.3086,305.8876,293.6468,1.4725,97.5415
55,15:57:00,0.01,0.01,100,100,293,0,293,0.01,1.2281,1.2281,144.6932,144.6932,305.7219,293.6224,1.4896,97.5438
56,15:57:01,0.01,0.01,100,100,293,0,293,0.01,1.2269,1.2269,145.0695,145.0695,305.5602,293.5991,1.5066,97.5462
57,15:57:02,0.01,0.01,100,100,293,0,293,0.01,1.2257,1.2257,145.4377,145.4377,305.4025,293.5768,1.5235,97.5486
58,15:57:03,0.01,0.01,100,100,293,0,293,0.01,1.2244,1.2244,145.7978,145.7978,305.2485,293.5556,1.5405,97.5512
59,15:57:04,0.01,0.01,100,100,293,0,293,0.01,1.2231,1.2231,146.1501,146.1501,305.0983,293.5353,1.5574,97.5538
60,15:57:05,0.01,0.01,100,100,293,0,293,0.01,1.2218,1.2218,146.4948,146.4948,304.9515,293.5159,1.5742,97.5565
61,15:57:06,0.01,0.01,100,100,293,0,293,0.01,1.2204,1.2204,146.8321,146.8321,304.8081,293.4974,1.5911,97.5592
62,15:57:07,0.01,0.01,100,100,293,0,293,0.01,1.219,1.219,147.1621,147.1621,304.6681,293.4797,1.6079,97.562
63,15:57:08,0.01,0.01,100,100,293,0,293,0.01,1.2176,1.2176,147.485,147.485,304.5312,293.4628,1.6246,97.5649
64,15:57:09,0.01,0.01,100,100,293,0,293,0.01,1.2161,1.2161,147.8009,147.8009,304.3974,293.4467,1.6414,97.5678
65,15:57:10,0.01,0.01,100,100,293,0,293,0.01,1.2146,1.2146,148.11,148.11,304.2665,293.4313,1.6581,97.5708
66,15:57:11,0.01,0.01,100,100,293,0,293,0.01,1.2131,1.2131,148.4125,148.4125,304.1385,293.4166,1.6747,97.5738
67,15:57:12,0.01,0.01,100,100,293,0,293,0.01,1.2116,1.2116,148.7085,148.7085,304.0133,293.4025,1.6914,97.5769
68,15:57:13,0.01,0.01,100,100,293,0,293,0.01,1.21,1.21,148.9981,148.9981,303.8908,293.389,1.708,97.58
69,15:57:14,0.01,0.01,100,100,293,0,293,0.01,1.2084,1.2084,149.2814,149.2814,303.7709,293.3762,1.7245,97.5831
70,15:57:15,0.01,0.01,100,100,293,0,293,0.01,1.2069,1.2069,149.5587,149.5587,303.6535,293.3639,1.7411,97.5863
71,15:57:16,0.01,0.01,100,100,293,0,293,0.01,1.2052,1.2052,149.83,149.83,303.5386,293.3521,1.7576,97.5895
72,15:57:17,0.01,0.01,100,100,293,0,293,0.01,1.2036,1.2036,150.0954,150.0954,303.426,293.3409,1.774,97.5927
73,15:57:18,0.01,0.01,100,100,293,0,293,0.01,1.202,1.202,150.3551,150.3551,303.3157,293.3301,1.7905,97.596
74,15:57:20,0.01,0.01,100,100,293,0,293,0.01,1.2003,1.2003,150.6092,150.6092,303.2077,293.3198,1.8069,97.5993
75,15:57:21,0.01,0.01,100,100,293,0,293,0.01,1.1987,1.1987,150.8577,150.8577,303.1018,293.31,1.8232,97.6026
76,15:57:22,0.01,0.01,100,100,293,0,293,0.01,1.197,1.197,151.1009,151.1009,302.998,293.3006,1.8396,97.606
77,15:57:23,0.01,0.01,100,100,293,0,293,0.01,1.1953,1.1953,151.3388,151.3388,302.8962,293.2915,1.8559,97.6093
78,15:57:24,0.01,0.01,100,100,293,0,293,0.01,1.1936,1.1936,151.5715,151.5715,302.7964,293.2829,1.8722,97.6127
79,15:57:25,0.01,0.01,100,100,293,0,293,0.01,1.1919,1.1919,151.7991,151.7991,302.6986,293.2746,1.8884,97.6161
80,15:57:26,0.01,0.01,100,100,293,0,293,0.01,1.1902,1.1902,152.0217,152.0217,302.6026,293.2667,1.9046,97.6195
81,15:57:27,0.01,0.01,100,100,293,0,293,0.01,1.1885,1.1885,152.2395,152.2395,302.5084,293.2592,1.9208,97.6229
82,15:57:28,0.01,0.01,100,100,293,0,293,0.01,1.1868,1.1868,152.4524,152.4524,302.4159,293.2519,1.9369,97.6264
83,15:57:29,0.01,0.01,100,100,293,0,293,0.01,1.1851,1.1851,152.6607,152.6607,302.3252,293.2449,1.953,97.6298
84,15:57:30,0.01,0.01,100,100,293,0,293,0.01,1.1834,1.1834,152.8643,152.8643,302.2362,293.2383,1.9691,97.6333
85,15:57:31,0.01,0.01,100,100,293,0,293,0.01,1.1816,1.1816,153.0633,153.0633,302.1487,293.2319,1.9851,97.6367
86,15:57:32,0.01,0.01,100,100,293,0,293,0.01,1.1799,1.1799,153.258,153.258,302.0629,293.2258,2.0012,97.6402
87,15:57:33,0.01,0.01,100,100,293,0,293,0.01,1.1782,1.1782,153.4482,153.4482,301.9785,293.2199,2.0171,97.6437
88,15:57:34,0.01,0.01,100,100,293,0,293,0.01,1.1764,1.1764,153.6342,153.6342,301.8957,293.2143,2.0331,97.6472
89,15:57:35,0.01,0.01,100,100,293,0,293,0.01,1.1747,1.1747,153.8159,153.8159,301.8143,293.2089,2.049,97.6507
90,15:57:36,0.01,0.01,100,100,293,0,293,0.01,1.1729,1.1729,153.9935,153.9935,301.7344,293.2037,2.0649,97.6541
91,15:57:37,0.01,0.01,100,100,293,0,293,0.01,1.1712,1.1712,154.167,154.167,301.6558,293.1987,2.0807,97.6576
92,15:57:38,0.01,0.01,100,100,293,0,293,0.01,1.1694,1.1694,154.3366,154.3366,301.5786,293.1939,2.0966,97.6611
93,15:57:39,0.01,0.01,100,100,293,0,293,0.01,1.1677,1.1677,154.5022,154.5022,301.5027,293.1894,2.1124,97.6646
94,15:57:40,0.01,0.01,100,100,293,0,293,0.01,1.166,1.166,154.6639,154.6639,301.428,293.185,2.1281,97.6681
95,15:57:41,0.01,0.01,100,100,293,0,293,0.01,1.1642,1.1642,154.8219,154.8219,301.3546,293.1807,2.1438,97.6716
96,15:57:42,0.01,0.01,100,100,293,0,293,0.01,1.1625,1.1625,154.9761,154.9761,301.2825,293.1767,2.1595,97.6751
97,15:57:43,0.01,0.01,100,100,293,0,293,0.01,1.1607,1.1607,155.1267,155.1267,301.2115,293.1728,2.1752,97.6786
98,15:57:44,0.01,0.01,100,100,293,0,293,0.01,1.159,1.159,155.2737,155.2737,301.1416,293.169,2.1908,97.682
99,15:57:45,0.01,0.01,100,100,293,0,293,0.01,1.1572,1.1572,155.4171,155.4171,301.0729,293.1654,2.2064,97.6855
100,15:57:46,0.01,0.01,100,100,293,0,293,0.01,1.1555,1.1555,155.5571,155.5571,301.0053,293.1619,2.222,97.689
101,15:57:47,0.01,0.01,100,100,293,0,293,0.01,1.1538,1.1538,155.6936,155.6936,300.9388,293.1586,2.2375,97.6924
102,15:57:48,0.01,0.01,100,100,293,0,293,0.01,1.152,1.152,155.8267,155.8267,300.8733,293.1554,2.253,97.6959
103,15:57:49,0.01,0.01,100,100,293,0,293,0.01,1.1503,1.1503,155.9566,155.9566,300.8089,293.1523,2.2685,97.6994
104,15:57:50,0.01,0.01,100,100,293,0,293,0.01,1.1486,1.1486,156.0832,156.0832,300.7454,293.1493,2.284,97.7028
105,15:57:51,0.01,0.01,100,100,293,0,293,0.01,1.1469,1.1469,156.2065,156.2065,300.683,293.1465,2.2994,97.7062
106,15:57:52,0.01,0.01,100,100,293,0,293,0.01,1.1452,1.1452,156.3267,156.3267,300.6214,293.1437,2.3148,97.7097
107,15:57:53,0.01,0.01,100,100,293,0,293,0.01,1.1435,1.1435,156.4439,156.4439,300.5609,293.141,2.3301,97.7131
108,15:57:54,0.01,0.01,100,100,293,0,293,0.01,1.1417,1.1417,156.5579,156.5579,300.5012,293.1385,2.3454,97.7165
109,15:57:55,0.01,0.01,100,100,293,0,293,0.01,1.14,1.14,156.669,156.669,300.4424,293.136,2.3607,97.7199
110,15:57:56,0.01,0.01,100,100,293,0,293,0.01,1.1383,1.1383,156.7771,156.7771,300.3845,293.1336,2.376,97.7233
111,15:57:57,0.01,0.01,100,100,293,0,293,0.01,1.1366,1.1366,156.8822,156.8822,300.3275,293.1313,2.3912,97.7267
112,15:57:58,0.01,0.01,100,100,293,0,293,0.01,1.135,1.135,156.9845,156.9845,300.2713,293.1291,2.4064,97.7301
113,15:57:59,0.01,0.01,100,100,293,0,293,0.01,1.1333,1.1333,157.084,157.084,300.2159,293.127,2.4216,97.7335
114,15:58:00,0.01,0.01,100,100,293,0,293,0.01,1.1316,1.1316,157.1807,157.1807,300.1613,293.1249,2.4367,97.7368
115,15:58:01,0.01,0.01,100,100,293,0,293,0.01,1.1299,1.1299,157.2747,157.2747,300.1075,293.1229,2.4519,97.7402
116,15:58:02,0.01,0.01,100,100,293,0,293,0.01,1.1282,1.1282,157.3659,157.3659,300.0545,293.121,2.4669,97.7435
117,15:58:03,0.01,0.01,100,100,293,0,293,0.01,1.1266,1.1266,157.4546,157.4546,300.0022,293.1191,2.482,97.7468
118,15:58:04,0.01,0.01,100,100,293,0,293,0.01,1.1249,1.1249,157.5405,157.5405,299.9507,293.1173,2.497,97.7502
119,15:58:05,0.01,0.01,100,100,293,0,293,0.01,1.1233,1.1233,157.624,157.624,299.8998,293.1155,2.512,97.7535
120,15:58:06,0.01,0.01,100,100,293,0,293,0.01,1.1216,1.1216,157.7048,157.7048,299.8497,293.1139,2.527,97.7568
121,15:58:07,0.01,0.01,100,100,293,0,293,0.01,1.12,1.12,157.7832,157.7832,299.8003,293.1122,2.5419,97.76
122,15:58:08,0.01,0.01,100,100,293,0,293,0.01,1.1183,1.1183,157.8591,157.8591,299.7515,293.1106,2.5568,97.7633
123,15:58:09,0.01,0.01,100,100,293,0,293,0.01,1.1167,1.1167,157.9326,157.9326,299.7034,293.1091,2.5717,97.7666
124,15:58:10,0.01,0.01,100,100,293,0,293,0.01,1.1151,1.1151,158.0037,158.0037,299.656,293.1076,2.5865,97.7698
125,15:58:11,0.01,0.01,100,100,293,0,293,0.01,1.1135,1.1135,158.0724,158.0724,299.6092,293.1062,2.6013,97.7731
126,15:58:12,0.01,0.01,100,100,293,0,293,0.01,1.1119,1.1119,158.1388,158.1388,299.563,293.1048,2.6161,97.7763
127,15:58:13,0.01,0.01,100,100,293,0,293,0.01,1.1103,1.1103,158.203,158.203,299.5174,293.1034,2.6308,97.7795
128,15:58:14,0.01,0.01,100,100,293,0,293,0.01,1.1087,1.1087,158.2648,158.2648,299.4724,293.1021,2.6456,97.7827
129,15:58:15,0.01,0.01,100,100,293,0,293,0.01,1.1071,1.1071,158.3245,158.3245,299.4281,293.1008,2.6603,97.7859
130,15:58:16,0.01,0.01,100,100,293,0,293,0.01,1.1055,1.1055,158.3819,158.3819,299.3842,293.0996,2.6749,97.7891
131,15:58:17,0.01,0.01,100,100,293,0,293,0.01,1.1039,1.1039,158.4372,158.4372,299.341,293.0984,2.6896,97.7922
132,15:58:18,0.01,0.01,100,100,293,0,293,0.01,1.1023,1.1023,158.4903,158.4903,299.2983,293.0972,2.7042,97.7954
133,15:58:19,0.01,0.01,100,100,293,0,293,0.01,1.1007,1.1007,158.5414,158.5414,299.2562,293.0961,2.7187,97.7985
134,15:58:20,0.01,0.01,100,100,293,0,293,0.01,1.0992,1.0992,158.5903,158.5903,299.2146,293.095,2.7333,97.8016
135,15:58:21,0.01,0.01,100,100,293,0,293,0.01,1.0976,1.0976,158.6373,158.6373,299.1735,293.0939,2.7478,97.8047
136,15:58:22,0.01,0.01,100,100,293,0,293,0.01,1.0961,1.0961,158.6822,158.6822,299.1329,293.0929,2.7623,97.8078
137,15:58:23,0.01,0.01,100,100,293,0,293,0.01,1.0945,1.0945,158.7251,158.7251,299.0928,293.0919,2.7767,97.8109
138,15:58:24,0.01,0.01,100,100,293,0,293,0.01,1.093,1.093,158.7661,158.7661,299.0532,293.0909,2.7912,97.814
139,15:58:25,0.01,0.01,100,100,293,0,293,0.01,1.0915,1.0915,158.8051,158.8051,299.0142,293.0899,2.8056,97.817
140,15:58:26,0.01,0.01,100,100,293,0,293,0.01,1.09,1.09,158.8423,158.8423,298.9755,293.089,2.82,97.8201
141,15:58:27,0.01,0.01,100,100,293,0,293,0.01,1.0884,1.0884,158.8775,158.8775,298.9374,293.0881,2.8343,97.8231
142,15:58:28,0.01,0.01,100,100,293,0,293,0.01,1.0869,1.0869,158.9109,158.9109,298.8997,293.0872,2.8486,97.8261
143,15:58:29,0.01,0.01,100,100,293,0,293,0.01,1.0854,1.0854,158.9425,158.9425,298.8625,293.0863,2.8629,97.8291
144,15:58:30,0.01,0.01,100,100,293,0,293,0.01,1.0839,1.0839,158.9722,158.9722,298.8257,293.0854,2.8772,97.8321
145,15:58:31,0.01,0.01,100,100,293,0,293,0.01,1.0824,1.0824,159.0002,159.0002,298.7894,293.0846,2.8914,97.8351
146,15:58:32,0.01,0.01,100,100,293,0,293,0.01,1.081,1.081,159.0264,159.0264,298.7534,293.0838,2.9056,97.8381
147,15:58:33,0.01,0.01,100,100,293,0,293,0.01,1.0795,1.0795,159.0509,159.0509,298.7179,293.083,2.9198,97.841
148,15:58:34,0.01,0.01,100,100,293,0,293,0.01,1.078,1.078,159.0737,159.0737,298.6829,293.0822,2.9339,97.844
149,15:58:35,0.01,0.01,100,100,293,0,293,0.01,1.0765,1.0765,159.0947,159.0947,298.6482,293.0815,2.948,97.8469
150,15:58:36,0.01,0.01,100,100,293,0,293,0.01,1.0751,1.0751,159.1142,159.1142,298.6139,293.0808,2.9621,97.8498
151,15:58:37,0.01,0.01,100,100,293,0,293,0.01,1.0736,1.0736,159.1319,159.1319,298.58,293.08,2.9762,97.8527
152,15:58:38,0.01,0.01,100,100,293,0,293,0.01,1.0722,1.0722,159.1481,159.1481,298.5465,293.0793,2.9902,97.8556
153,15:58:39,0.01,0.01,100,100,293,0,293,0.01,1.0708,1.0708,159.1626,159.1626,298.5134,293.0786,3.0042,97.8585
154,15:58:40,0.01,0.01,100,100,293,0,293,0.01,1.0693,1.0693,159.1756,159.1756,298.4807,293.078,3.0182,97.8613
155,15:58:41,0.01,0.01,100,100,293,0,293,0.01,1.0679,1.0679,159.187,159.187,298.4483,293.0773,3.0321,97.8642
156,15:58:42,0.01,0.01,100,100,293,0,293,0.01,1.0665,1.0665,159.1969,159.1969,298.4163,293.0767,3.0461,97.867
157,15:58:43,0.01,0.01,100,100,293,0,293,0.01,1.0651,1.0651,159.2052,159.2052,298.3846,293.076,3.0599,97.8698
158,15:58:44,0.01,0.01,100,100,293,0,293,0.01,1.0637,1.0637,159.2121,159.2121,298.3533,293.0754,3.0738,97.8727
159,15:58:45,0.01,0.01,100,100,293,0,293,0.01,1.0623,1.0623,159.2174,159.2174,298.3223,293.0748,3.0877,97.8754
160,15:58:46,0.01,0.01,100,100,293,0,293,0.01,1.0609,1.0609,159.2213,159.2213,298.2917,293.0742,3.1015,97.8782
161,15:58:47,0.01,0.01,100,100,293,0,293,0.01,1.0595,1.0595,159.2238,159.2238,298.2614,293.0736,3.1152,97.881
162,15:58:48,0.01,0.01,100,100,293,0,293,0.01,1.0581,1.0581,159.2248,159.2248,298.2315,293.0731,3.129,97.8838
163,15:58:49,0.01,0.01,100,100,293,0,293,0.01,1.0568,1.0568,159.2245,159.2245,298.2018,293.0725,3.1427,97.8865
164,15:58:50,0.01,0.01,100,100,293,0,293,0.01,1.0554,1.0554,159.2227,159.2227,298.1725,293.0719,3.1564,97.8892
165,15:58:51,0.01,0.01,100,100,293,0,293,0.01,1.054,1.054,159.2196,159.2196,298.1435,293.0714,3.1701,97.8919
166,15:58:52,0.01,0.01,100,100,293,0,293,0.01,1.0527,1.0527,159.2151,159.2151,298.1148,293.0709,3.1837,97.8947
167,15:58:53,0.01,0.01,100,100,293,0,293,0.01,1.0513,1.0513,159.2093,159.2093,298.0864,293.0703,3.1974,97.8973
168,15:58:54,0.01,0.01,100,100,293,0,293,0.01,1.05,1.05,159.2021,159.2021,298.0582,293.0698,3.2109,97.9
169,15:58:55,0.01,0.01,100,100,293,0,293,0.01,1.0487,1.0487,159.1937,159.1937,298.0304,293.0693,3.2245,97.9027
170,15:58:56,0.01,0.01,100,100,293,0,293,0.01,1.0473,1.0473,159.1839,159.1839,298.0029,293.0688,3.238,97.9054
171,15:58:57,0.01,0.01,100,100,293,0,293,0.01,1.046,1.046,159.1729,159.1729,297.9757,293.0684,3.2516,97.908
172,15:58:58,0.01,0.01,100,100,293,0,293,0.01,1.0447,1.0447,159.1606,159.1606,297.9487,293.0679,3.265,97.9106
173,15:58:59,0.01,0.01,100,100,293,0,293,0.01,1.0434,1.0434,159.1471,159.1471,297.922,293.0674,3.2785,97.9132
174,15:59:00,0.01,0.01,100,100,293,0,293,0.01,1.0421,1.0421,159.1324,159.1324,297.8956,293.0669,3.2919,97.9158
175,15:59:01,0.01,0.01,100,100,293,0,293,0.01,1.0408,1.0408,159.1165,159.1165,297.8695,293.0665,3.3053,97.9184
176,15:59:02,0.01,0.01,100,100,293,0,293,0.01,1.0395,1.0395,159.0993,159.0993,297.8436,293.066,3.3187,97.921
177,15:59:03,0.01,0.01,100,100,293,0,293,0.01,1.0382,1.0382,159.081,159.081,297.8179,293.0656,3.332,97.9236
178,15:59:04,0.01,0.01,100,100,293,0,293,0.01,1.0369,1.0369,159.0615,159.0615,297.7926,293.0652,3.3454,97.9261
179,15:59:05,0.01,0.01,100,100,293,0,293,0.01,1.0357,1.0357,159.0409,159.0409,297.7675,293.0647,3.3587,97.9287
180,15:59:06,0.01,0.01,100,100,293,0,293,0.01,1.0344,1.0344,159.0191,159.0191,297.7426,293.0643,3.3719,97.9312
181,15:59:07,0.01,0.01,100,100,293,0,293,0.01,1.0331,1.0331,158.9962,158.9962,297.718,293.0639,3.3852,97.9337
182,15:59:08,0.01,0.01,100,100,293,0,293,0.01,1.0319,1.0319,158.9722,158.9722,297.6936,293.0635,3.3984,97.9363
183,15:59:09,0.01,0.01,100,100,293,0,293,0.01,1.0306,1.0306,158.9471,158.9471,297.6694,293.0631,3.4116,97.9388
184,15:59:10,0.01,0.01,100,100,293,0,293,0.01,1.0294,1.0294,158.9209,158.9209,297.6455,293.0627,3.4247,97.9412
185,15:59:11,0.01,0.01,100,100,293,0,293,0.01,1.0281,1.0281,158.8936,158.8936,297.6219,293.0623,3.4379,97.9437
186,15:59:12,0.01,0.01,100,100,293,0,293,0.01,1.0269,1.0269,158.8653,158.8653,297.5984,293.0619,3.451,97.9462
187,15:59:13,0.01,0.01,100,100,293,0,293,0.01,1.0257,1.0257,158.836,158.836,297.5752,293.0615,3.4641,97.9486
188,15:59:14,0.01,0.01,100,100,293,0,293,0.01,1.0245,1.0245,158.8056,158.8056,297.5522,293.0612,3.4771,97.9511
189,15:59:15,0.01,0.01,100,100,293,0,293,0.01,1.0233,1.0233,158.7742,158.7742,297.5294,293.0608,3.4902,97.9535
190,15:59:16,0.01,0.01,100,100,293,0,293,0.01,1.0221,1.0221,158.7417,158.7417,297.5068,293.0604,3.5032,97.9559
191,15:59:17,0.01,0.01,100,100,293,0,293,0.01,1.0208,1.0208,158.7083,158.7083,297.4845,293.0601,3.5161,97.9583
192,15:59:18,0.01,0.01,100,100,293,0,293,0.01,1.0197,1.0197,158.6739,158.6739,297.4623,293.0597,3.5291,97.9607
193,15:59:19,0.01,0.01,100,100,293,0,293,0.01,1.0185,1.0185,158.6385,158.6385,297.4404,293.0594,3.542,97.9631
194,15:59:20,0.01,0.01,100,100,293,0,293,0.01,1.0173,1.0173,158.6022,158.6022,297.4186,293.059,3.5549,97.9654
195,15:59:21,0.01,0.01,100,100,293,0,293,0.01,1.0161,1.0161,158.5649,158.5649,297.3971,293.0587,3.5678,97.9678
196,15:59:22,0.01,0.01,100,100,293,0,293,0.01,1.0149,1.0149,158.5267,158.5267,297.3757,293.0583,3.5806,97.9702
197,15:59:23,0.01,0.01,100,100,293,0,293,0.01,1.0138,1.0138,158.4876,158.4876,297.3546,293.058,3.5935,97.9725
198,15:59:24,0.01,0.01,100,100,293,0,293,0.01,1.0126,1.0126,158.4475,158.4475,297.3336,293.0577,3.6063,97.9748
199,15:59:25,0.01,0.01,100,100,293,0,293,0.01,1.0114,1.0114,158.4065,158.4065,297.3129,293.0574,3.619,97.9771
200,15:59:26,0.01,0.01,100,100,293,0,293,0.01,1.0103,1.0103,158.3647,158.3647,297.2923,293.057,3.6318,97.9794
201,15:59:27,0.01,0.01,100,100,293,0,293,0.01,1.0091,1.0091,158.3219,158.3219,297.2719,293.0567,3.6445,97.9817
202,15:59:28,0.01,0.01,100,100,293,0,293,0.01,1.008,1.008,158.2783,158.2783,297.2517,293.0564,3.6572,97.984
203,15:59:29,0.01,0.01,100,100,293,0,293,0.01,1.0069,1.0069,158.2338,158.2338,297.2317,293.0561,3.6699,97.9863
204,15:59:30,0.01,0.01,100,100,293,0,293,0.01,1.0057,1.0057,158.1885,158.1885,297.2118,293.0558,3.6825,97.9885
205,15:59:31,0.01,0.01,100,100,293,0,293,0.01,1.0046,1.0046,158.1423,158.1423,297.1922,293.0555,3.6951,97.9908
206,15:59:32,0.01,0.01,100,100,293,0,293,0.01,1.0035,1.0035,158.0953,158.0953,297.1727,293.0552,3.7077,97.993
207,15:59:33,0.01,0.01,100,100,293,0,293,0.01,1.0024,1.0024,158.0474,158.0474,297.1533,293.0549,3.7203,97.9953
208,15:59:34,0.01,0.01,100,100,293,0,293,0.01,1.0013,1.0013,157.9988,157.9988,297.1342,293.0546,3.7329,97.9975
209,15:59:35,0.01,0.01,100,100,293,0,293,0.01,1.0002,1.0002,157.9493,157.9493,297.1152,293.0543,3.7454,97.9997
210,15:59:36,0.01,0.01,100,100,293,0,293,0.01,0.9991,0.9991,157.8991,157.8991,297.0963,293.054,3.7579,98.0019
211,15:59:37,0.01,0.01,100,100,293,0,293,0.01,0.998,0.998,157.8481,157.8481,297.0777,293.0537,3.7703,98.0041
212,15:59:38,0.01,0.01,100,100,293,0,293,0.01,0.9969,0.9969,157.7963,157.7963,297.0592,293.0535,3.7828,98.0062
213,15:59:39,0.01,0.01,100,100,293,0,293,0.01,0.9958,0.9958,157.7437,157.7437,297.0408,293.0532,3.7952,98.0084
214,15:59:40,0.01,0.01,100,100,293,0,293,0.01,0.9947,0.9947,157.6904,157.6904,297.0226,293.0529,3.8076,98.0106
215,15:59:41,0.01,0.01,100,100,293,0,293,0.01,0.9936,0.9936,157.6363,157.6363,297.0046,293.0527,3.82,98.0127
216,15:59:42,0.01,0.01,100,100,293,0,293,0.01,0.9926,0.9926,157.5815,157.5815,296.9867,293.0524,3.8323,98.0149
217,15:59:43,0.01,0.01,100,100,293,0,293,0.01,0.9915,0.9915,157.5259,157.5259,296.969,293.0521,3.8446,98.017
218,15:59:44,0.01,0.01,100,100,293,0,293,0.01,0.9905,0.9905,157.4696,157.4696,296.9514,293.0519,3.8569,98.0191
219,15:59:45,0.01,0.01,100,100,293,0,293,0.01,0.9894,0.9894,157.4126,157.4126,296.9339,293.0516,3.8692,98.0212
220,15:59:46,0.01,0.01,100,100,293,0,293,0.01,0.9883,0.9883,157.3549,157.3549,296.9167,293.0513,3.8815,98.0233
221,15:59:47,0.01,0.01,100,100,293,0,293,0.01,0.9873,0.9873,157.2965,157.2965,296.8995,293.0511,3.8937,98.0254
222,15:59:48,0.01,0.01,100,100,293,0,293,0.01,0.9863,0.9863,157.2374,157.2374,296.8825,293.0508,3.9059,98.0275
223,15:59:49,0.01,0.01,100,100,293,0,293,0.01,0.9852,0.9852,157.1777,157.1777,296.8656,293.0506,3.9181,98.0295
224,15:59:50,0.01,0.01,100,100,293,0,293,0.01,0.9842,0.9842,157.1172,157.1172,296.8489,293.0503,3.9302,98.0316
225,15:59:51,0.01,0.01,100,100,293,0,293,0.01,0.9832,0.9832,157.0561,157.0561,296.8323,293.0501,3.9423,98.0336
226,15:59:52,0.01,0.01,100,100,293,0,293,0.01,0.9822,0.9822,156.9944,156.9944,296.8159,293.0499,3.9544,98.0357
227,15:59:53,0.01,0.01,100,100,293,0,293,0.01,0.9811,0.9811,156.9319,156.9319,296.7995,293.0496,3.9665,98.0377
228,15:59:54,0.01,0.01,100,100,293,0,293,0.01,0.9801,0.9801,156.8689,156.8689,296.7833,293.0494,3.9786,98.0397
229,15:59:55,0.01,0.01,100,100,293,0,293,0.01,0.9791,0.9791,156.8052,156.8052,296.7673,293.0491,3.9906,98.0417
230,15:59:56,0.01,0.01,100,100,293,0,293,0.01,0.9781,0.9781,156.7408,156.7408,296.7513,293.0489,4.0026,98.0437
231,15:59:57,0.01,0.01,100,100,293,0,293,0.01,0.9771,0.9771,156.6759,156.6759,296.7355,293.0487,4.0146,98.0457
232,15:59:58,0.01,0.01,100,100,293,0,293,0.01,0.9761,0.9761,156.6103,156.6103,296.7199,293.0485,4.0265,98.0477
233,15:59:59,0.01,0.01,100,100,293,0,293,0.01,0.9751,0.9751,156.5441,156.5441,296.7043,293.0482,4.0385,98.0497
234,16:00:00,0.01,0.01,100,100,293,0,293,0.01,0.9742,0.9742,156.4774,156.4774,296.6889,293.048,4.0504,98.0517
235,16:00:01,0.01,0.01,100,100,293,0,293,0.01,0.9732,0.9732,156.41,156.41,296.6735,293.0478,4.0623,98.0536
236,16:00:02,0.01,0.01,100,100,293,0,293,0.01,0.9722,0.9722,156.3421,156.3421,296.6584,293.0476,4.0741,98.0556
237,16:00:03,0.01,0.01,100,100,293,0,293,0.01,0.9712,0.9712,156.2735,156.2735,296.6433,293.0473,4.086,98.0575
238,16:00:04,0.01,0.01,100,100,293,0,293,0.01,0.9703,0.9703,156.2044,156.2044,296.6283,293.0471,4.0978,98.0594
239,16:00:05,0.01,0.01,100,100,293,0,293,0.01,0.9693,0.9693,156.1347,156.1347,296.6135,293.0469,4.1096,98.0614
240,16:00:06,0.01,0.01,100,100,293,0,293,0.01,0.9684,0.9684,156.0645,156.0645,296.5988,293.0467,4.1213,98.0633
241,16:00:07,0.01,0.01,100,100,293,0,293,0.01,0.9674,0.9674,155.9937,155.9937,296.5841,293.0465,4.1331,98.0652
242,16:00:08,0.01,0.01,100,100,293,0,293,0.01,0.9665,0.9665,155.9224,155.9224,296.5696,293.0463,4.1448,98.0671
243,16:00:09,0.01,0.01,100,100,293,0,293,0.01,0.9655,0.9655,155.8505,155.8505,296.5553,293.0461,4.1565,98.069
244,16:00:10,0.01,0.01,100,100,293,0,293,0.01,0.9646,0.9646,155.7781,155.7781,296.541,293.0459,4.1682,98.0708
245,16:00:11,0.01,0.01,100,100,293,0,293,0.01,0.9636,0.9636,155.7052,155.7052,296.5268,293.0457,4.1798,98.0727
246,16:00:12,0.01,0.01,100,100,293,0,293,0.01,0.9627,0.9627,155.6317,155.6317,296.5127,293.0455,4.1915,98.0746
247,16:00:13,0.01,0.01,100,100,293,0,293,0.01,0.9618,0.9618,155.5578,155.5578,296.4988,293.0453,4.2031,98.0764
248,16:00:14,0.01,0.01,100,100,293,0,293,0.01,0.9609,0.9609,155.4833,155.4833,296.4849,293.0451,4.2146,98.0783
249,16:00:15,0.01,0.01,100,100,293,0,293,0.01,0.9599,0.9599,155.4083,155.4083,296.4712,293.0449,4.2262,98.0801
250,16:00:16,0.01,0.01,100,100,293,0,293,0.01,0.959,0.959,155.3328,155.3328,296.4575,293.0447,4.2377,98.0819
251,16:00:17,0.01,0.01,100,100,293,0,293,0.01,0.9581,0.9581,155.2568,155.2568,296.444,293.0445,4.2492,98.0838
252,16:00:18,0.01,0.01,100,100,293,0,293,0.01,0.9572,0.9572,155.1804,155.1804,296.4305,293.0443,4.2607,98.0856
253,16:00:19,0.01,0.01,100,100,293,0,293,0.01,0.9563,0.9563,155.1034,155.1034,296.4172,293.0441,4.2722,98.0874
254,16:00:20,0.01,0.01,100,100,293,0,293,0.01,0.9554,0.9554,155.026,155.026,296.4039,293.0439,4.2836,98.0892
255,16:00:21,0.01,0.01,100,100,293,0,293,0.01,0.9545,0.9545,154.9481,154.9481,296.3908,293.0437,4.2951,98.091
256,16:00:22,0.01,0.01,100,100,293,0,293,0.01,0.9536,0.9536,154.8698,154.8698,296.3777,293.0436,4.3065,98.0928
257,16:00:23,0.01,0.01,100,100,293,0,293,0.01,0.9527,0.9527,154.791,154.791,296.3648,293.0434,4.3178,98.0945
258,16:00:24,0.01,0.01,100,100,293,0,293,0.01,0.9519,0.9519,154.7117,154.7117,296.3519,293.0432,4.3292,98.0963
259,16:00:26,0.01,0.01,100,100,293,0,293,0.01,0.951,0.951,154.632,154.632,296.3391,293.043,4.3405,98.098
260,16:00:27,0.01,0.01,100,100,293,0,293,0.01,0.9501,0.9501,154.5518,154.5518,296.3265,293.0428,4.3518,98.0998
261,16:00:28,0.01,0.01,100,100,293,0,293,0.01,0.9492,0.9492,154.4713,154.4713,296.3139,293.0427,4.3631,98.1015
262,16:00:29,0.01,0.01,100,100,293,0,293,0.01,0.9484,0.9484,154.3902,154.3902,296.3014,293.0425,4.3744,98.1033
263,16:00:30,0.01,0.01,100,100,293,0,293,0.01,0.9475,0.9475,154.3088,154.3088,296.289,293.0423,4.3856,98.105
264,16:00:31,0.01,0.01,100,100,293,0,293,0.01,0.9466,0.9466,154.2269,154.2269,296.2766,293.0421,4.3968,98.1067
265,16:00:32,0.01,0.01,100,100,293,0,293,0.01,0.9458,0.9458,154.1446,154.1446,296.2644,293.042,4.408,98.1084
266,16:00:33,0.01,0.01,100,100,293,0,293,0.01,0.9449,0.9449,154.0619,154.0619,296.2523,293.0418,4.4192,98.1101
267,16:00:34,0.01,0.01,100,100,293,0,293,0.01,0.9441,0.9441,153.9788,153.9788,296.2402,293.0416,4.4303,98.1118
268,16:00:35,0.01,0.01,100,100,293,0,293,0.01,0.9432,0.9432,153.8953,153.8953,296.2282,293.0415,4.4415,98.1135
269,16:00:36,0.01,0.01,100,100,293,0,293,0.01,0.9424,0.9424,153.8114,153.8114,296.2163,293.0413,4.4526,98.1152
270,16:00:37,0.01,0.01,100,100,293,0,293,0.01,0.9416,0.9416,153.7271,153.7271,296.2045,293.0411,4.4636,98.1169
271,16:00:38,0.01,0.01,100,100,293,0,293,0.01,0.9407,0.9407,153.6424,153.6424,296.1928,293.041,4.4747,98.1185
272,16:00:39,0.01,0.01,100,100,293,0,293,0.01,0.9399,0.9399,153.5573,153.5573,296.1811,293.0408,4.4857,98.1202
273,16:00:40,0.01,0.01,100,100,293,0,293,0.01,0.9391,0.9391,153.4719,153.4719,296.1696,293.0406,4.4968,98.1219
274,16:00:41,0.01,0.01,100,100,293,0,293,0.01,0.9382,0.9382,153.386,153.386,296.1581,293.0405,4.5077,98.1235
275,16:00:42,0.01,0.01,100,100,293,0,293,0.01,0.9374,0.9374,153.2998,153.2998,296.1467,293.0403,4.5187,98.1251
276,16:00:43,0.01,0.01,100,100,293,0,293,0.01,0.9366,0.9366,153.2133,153.2133,296.1353,293.0402,4.5297,98.1268
277,16:00:44,0.01,0.01,100,100,293,0,293,0.01,0.9358,0.9358,153.1263,153.1263,296.1241,293.04,4.5406,98.1284
278,16:00:45,0.01,0.01,100,100,293,0,293,0.01,0.935,0.935,153.0391,153.0391,296.1129,293.0399,4.5515,98.13
279,16:00:46,0.01,0.01,100,100,293,0,293,0.01,0.9342,0.9342,152.9514,152.9514,296.1018,293.0397,4.5624,98.1316
280,16:00:47,0.01,0.01,100,100,293,0,293,0.01,0.9334,0.9334,152.8634,152.8634,296.0908,293.0395,4.5733,98.1332
281,16:00:48,0.01,0.01,100,100,293,0,293,0.01,0.9326,0.9326,152.7751,152.7751,296.0798,293.0394,4.5841,98.1348
282,16:00:49,0.01,0.01,100,100,293,0,293,0.01,0.9318,0.9318,152.6864,152.6864,296.069,293.0392,4.5949,98.1364
283,16:00:50,0.01,0.01,100,100,293,0,293,0.01,0.931,0.931,152.5974,152.5974,296.0582,293.0391,4.6057,98.138
284,16:00:51,0.01,0.01,100,100,293,0,293,0.01,0.9302,0.9302,152.5081,152.5081,296.0474,293.0389,4.6165,98.1396
285,16:00:52,0.01,0.01,100,100,293,0,293,0.01,0.9294,0.9294,152.4184,152.4184,296.0368,293.0388,4.6272,98.1411
286,16:00:53,0.01,0.01,100,100,293,0,293,0.01,0.9286,0.9286,152.3285,152.3285,296.0262,293.0387,4.638,98.1427
287,16:00:54,0.01,0.01,100,100,293,0,293,0.01,0.9279,0.9279,152.2382,152.2382,296.0157,293.0385,4.6487,98.1443
288,16:00:55,0.01,0.01,100,100,293,0,293,0.01,0.9271,0.9271,152.1475,152.1475,296.0052,293.0384,4.6594,98.1458
289,16:00:56,0.01,0.01,100,100,293,0,293,0.01,0.9263,0.9263,152.0566,152.0566,295.9948,293.0382,4.67,98.1474
290,16:00:57,0.01,0.01,100,100,293,0,293,0.01,0.9256,0.9256,151.9654,151.9654,295.9845,293.0381,4.6807,98.1489
291,16:00:58,0.01,0.01,100,100,293,0,293,0.01,0.9248,0.9248,151.8738,151.8738,295.9743,293.0379,4.6913,98.1504
292,16:00:59,0.01,0.01,100,100,293,0,293,0.01,0.924,0.924,151.782,151.782,295.9641,293.0378,4.7019,98.152
293,16:01:00,0.01,0.01,100,100,293,0,293,0.01,0.9233,0.9233,151.6898,151.6898,295.954,293.0377,4.7125,98.1535
294,16:01:01,0.01,0.01,100,100,293,0,293,0.01,0.9225,0.9225,151.5974,151.5974,295.9439,293.0375,4.7231,98.155
295,16:01:02,0.01,0.01,100,100,293,0,293,0.01,0.9218,0.9218,151.5047,151.5047,295.9339,293.0374,4.7336,98.1565
296,16:01:03,0.01,0.01,100,100,293,0,293,0.01,0.921,0.921,151.4116,151.4116,295.924,293.0372,4.7441,98.158
297,16:01:04,0.01,0.01,100,100,293,0,293,0.01,0.9203,0.9203,151.3184,151.3184,295.9142,293.0371,4.7546,98.1595
298,16:01:05,0.01,0.01,100,100,293,0,293,0.01,0.9195,0.9195,151.2248,151.2248,295.9044,293.037,4.7651,98.161
299,16:01:06,0.01,0.01,100,100,293,0,293,0.01,0.9188,0.9188,151.1309,151.1309,295.8946,293.0368,4.7756,98.1624
300,16:01:07,0.01,0.01,100,100,293,0,293,0.01,0.918,0.918,151.0368,151.0368,295.885,293.0367,4.786,98.1639
301,16:01:08,0.01,0.01,100,100,293,0,293,0.01,0.9173,0.9173,150.9424,150.9424,295.8754,293.0366,4.7964,98.1654
302,16:01:09,0.01,0.01,100,100,293,0,293,0.01,0.9166,0.9166,150.8478,150.8478,295.8658,293.0364,4.8068,98.1668
303,16:01:10,0.01,0.01,100,100,293,0,293,0.01,0.9158,0.9158,150.7529,150.7529,295.8563,293.0363,4.8172,98.1683
304,16:01:11,0.01,0.01,100,100,293,0,293,0.01,0.9151,0.9151,150.6577,150.6577,295.8469,293.0362,4.8275,98.1698
305,16:01:12,0.01,0.01,100,100,293,0,293,0.01,0.9144,0.9144,150.5623,150.5623,295.8376,293.0361,4.8379,98.1712
306,16:01:13,0.01,0.01,100,100,293,0,293,0.01,0.9137,0.9137,150.4666,150.4666,295.8282,293.0359,4.8482,98.1726
307,16:01:14,0.01,0.01,100,100,293,0,293,0.01,0.913,0.913,150.3707,150.3707,295.819,293.0358,4.8585,98.1741
308,16:01:15,0.01,0.01,100,100,293,0,293,0.01,0.9123,0.9123,150.2745,150.2745,295.8098,293.0357,4.8688,98.1755
309,16:01:16,0.01,0.01,100,100,293,0,293,0.01,0.9115,0.9115,150.1781,150.1781,295.8007,293.0356,4.879,98.1769
310,16:01:17,0.01,0.01,100,100,293,0,293,0.01,0.9108,0.9108,150.0814,150.0814,295.7916,293.0354,4.8892,98.1783
311,16:01:18,0.01,0.01,100,100,293,0,293,0.01,0.9101,0.9101,149.9846,149.9846,295.7826,293.0353,4.8994,98.1797
312,16:01:19,0.01,0.01,100,100,293,0,293,0.01,0.9094,0.9094,149.8874,149.8874,295.7736,293.0352,4.9096,98.1811
313,16:01:20,0.01,0.01,100,100,293,0,293,0.01,0.9087,0.9087,149.7901,149.7901,295.7647,293.0351,4.9198,98.1825
314,16:01:21,0.01,0.01,100,100,293,0,293,0.01,0.908,0.908,149.6925,149.6925,295.7558,293.0349,4.9299,98.1839
315,16:01:22,0.01,0.01,100,100,293,0,293,0.01,0.9073,0.9073,149.5947,149.5947,295.747,293.0348,4.9401,98.1853
316,16:01:23,0.01,0.01,100,100,293,0,293,0.01,0.9067,0.9067,149.4967,149.4967,295.7383,293.0347,4.9502,98.1867
317,16:01:24,0.01,0.01,100,100,293,0,293,0.01,0.906,0.906,149.3985,149.3985,295.7296,293.0346,4.9603,98.1881
318,16:01:25,0.01,0.01,100,100,293,0,293,0.01,0.9053,0.9053,149.3,149.3,295.721,293.0345,4.9703,98.1894
319,16:01:26,0.01,0.01,100,100,293,0,293,0.01,0.9046,0.9046,149.2014,149.2014,295.7124,293.0344,4.9804,98.1908
320,16:01:27,0.01,0.01,100,100,293,0,293,0.01,0.9039,0.9039,149.1025,149.1025,295.7038,293.0342,4.9904,98.1921
321,16:01:28,0.01,0.01,100,100,293,0,293,0.01,0.9032,0.9032,149.0035,149.0035,295.6953,293.0341,5.0004,98.1935
322,16:01:29,0.01,0.01,100,100,293,0,293,0.01,0.9026,0.9026,148.9042,148.9042,295.6869,293.034,5.0104,98.1948
323,16:01:30,0.01,0.01,100,100,293,0,293,0.01,0.9019,0.9019,148.8047,148.8047,295.6785,293.0339,5.0204,98.1962
324,16:01:31,0.01,0.01,100,100,293,0,293,0.01,0.9012,0.9012,148.705,148.705,295.6702,293.0338,5.0303,98.1975
325,16:01:32,0.01,0.01,100,100,293,0,293,0.01,0.9006,0.9006,148.6052,148.6052,295.6619,293.0337,5.0403,98.1989
326,16:01:33,0.01,0.01,100,100,293,0,293,0.01,0.8999,0.8999,148.5051,148.5051,295.6537,293.0336,5.0502,98.2002
327,16:01:34,0.01,0.01,100,100,293,0,293,0.01,0.8992,0.8992,148.4049,148.4049,295.6455,293.0335,5.06,98.2015
328,16:01:35,0.01,0.01,100,100,293,0,293,0.01,0.8986,0.8986,148.3044,148.3044,295.6373,293.0333,5.0699,98.2028
329,16:01:36,0.01,0.01,100,100,293,0,293,0.01,0.8979,0.8979,148.2038,148.2038,295.6292,293.0332,5.0798,98.2041
330,16:01:37,0.01,0.01,100,100,293,0,293,0.01,0.8973,0.8973,148.103,148.103,295.6212,293.0331,5.0896,98.2054
331,16:01:38,0.01,0.01,100,100,293,0,293,0.01,0.8966,0.8966,148.0021,148.0021,295.6132,293.033,5.0994,98.2067
332,16:01:39,0.01,0.01,100,100,293,0,293,0.01,0.896,0.896,147.9009,147.9009,295.6053,293.0329,5.1092,98.208
333,16:01:40,0.01,0.01,100,100,293,0,293,0.01,0.8953,0.8953,147.7996,147.7996,295.5973,293.0328,5.119,98.2093
334,16:01:41,0.01,0.01,100,100,293,0,293,0.01,0.8947,0.8947,147.6981,147.6981,295.5895,293.0327,5.1287,98.2106
335,16:01:42,0.01,0.01,100,100,293,0,293,0.01,0.8941,0.8941,147.5964,147.5964,295.5817,293.0326,5.1384,98.2119
336,16:01:43,0.01,0.01,100,100,293,0,293,0.01,0.8934,0.8934,147.4946,147.4946,295.5739,293.0325,5.1482,98.2131
337,16:01:44,0.01,0.01,100,100,293,0,293,0.01,0.8928,0.8928,147.3926,147.3926,295.5662,293.0324,5.1579,98.2144
338,16:01:45,0.01,0.01,100,100,293,0,293,0.01,0.8922,0.8922,147.2904,147.2904,295.5585,293.0323,5.1675,98.2157
339,16:01:46,0.01,0.01,100,100,293,0,293,0.01,0.8915,0.8915,147.1881,147.1881,295.5509,293.0322,5.1772,98.2169
340,16:01:47,0.01,0.01,100,100,293,0,293,0.01,0.8909,0.8909,147.0857,147.0857,295.5433,293.0321,5.1868,98.2182
341,16:01:48,0.01,0.01,100,100,293,0,293,0.01,0.8903,0.8903,146.9831,146.9831,295.5357,293.032,5.1964,98.2194
342,16:01:49,0.01,0.01,100,100,293,0,293,0.01,0.8897,0.8897,146.8803,146.8803,295.5282,293.0319,5.206,98.2207
343,16:01:50,0.01,0.01,100,100,293,0,293,0.01,0.889,0.889,146.7774,146.7774,295.5208,293.0318,5.2156,98.2219
344,16:01:51,0.01,0.01,100,100,293,0,293,0.01,0.8884,0.8884,146.6743,146.6743,295.5134,293.0317,5.2252,98.2232
345,16:01:52,0.01,0.01,100,100,293,0,293,0.01,0.8878,0.8878,146.5711,146.5711,295.506,293.0316,5.2347,98.2244
346,16:01:53,0.01,0.01,100,100,293,0,293,0.01,0.8872,0.8872,146.4677,146.4677,295.4986,293.0315,5.2442,98.2256
347,16:01:54,0.01,0.01,100,100,293,0,293,0.01,0.8866,0.8866,146.3642,146.3642,295.4913,293.0314,5.2537,98.2268
348,16:01:55,0.01,0.01,100,100,293,0,293,0.01,0.886,0.886,146.2606,146.2606,295.4841,293.0313,5.2632,98.228
349,16:01:56,0.01,0.01,100,100,293,0,293,0.01,0.8854,0.8854,146.1568,146.1568,295.4769,293.0312,5.2727,98.2293
350,16:01:57,0.01,0.01,100,100,293,0,293,0.01,0.8848,0.8848,146.0529,146.0529,295.4697,293.0311,5.2821,98.2305
351,16:01:58,0.01,0.01,100,100,293,0,293,0.01,0.8842,0.8842,145.9489,145.9489,295.4626,293.031,5.2915,98.2317
352,16:01:59,0.01,0.01,100,100,293,0,293,0.01,0.8836,0.8836,145.8447,145.8447,295.4555,293.0309,5.3009,98.2329
353,16:02:00,0.01,0.01,100,100,293,0,293,0.01,0.883,0.883,145.7404,145.7404,295.4484,293.0308,5.3103,98.234
354,16:02:01,0.01,0.01,100,100,293,0,293,0.01,0.8824,0.8824,145.636,145.636,295.4414,293.0307,5.3197,98.2352
355,16:02:02,0.01,0.01,100,100,293,0,293,0.01,0.8818,0.8818,145.5315,145.5315,295.4344,293.0306,5.329,98.2364
356,16:02:03,0.01,0.01,100,100,293,0,293,0.01,0.8812,0.8812,145.4268,145.4268,295.4275,293.0305,5.3384,98.2376
357,16:02:04,0.01,0.01,100,100,293,0,293,0.01,0.8806,0.8806,145.3221,145.3221,295.4206,293.0304,5.3477,98.2388
358,16:02:05,0.01,0.01,100,100,293,0,293,0.01,0.88,0.88,145.2172,145.2172,295.4137,293.0303,5.357,98.2399
359,16:02:06,0.01,0.01,100,100,293,0,293,0.01,0.8795,0.8795,145.1122,145.1122,295.4069,293.0302,5.3663,98.2411
360,16:02:07,0.01,0.01,100,100,293,0,293,0.01,0.8789,0.8789,145.0071,145.0071,295.4001,293.0302,5.3755,98.2423
361,16:02:08,0.01,0.01,100,100,293,0,293,0.01,0.8783,0.8783,144.9018,144.9018,295.3934,293.0301,5.3847,98.2434
362,16:02:09,0.01,0.01,100,100,293,0,293,0.01,0.8777,0.8777,144.7965,144.7965,295.3867,293.03,5.394,98.2446
363,16:02:10,0.01,0.01,100,100,293,0,293,0.01,0.8771,0.8771,144.691,144.691,295.38,293.0299,5.4032,98.2457
364,16:02:11,0.01,0.01,100,100,293,0,293,0.01,0.8766,0.8766,144.5855,144.5855,295.3734,293.0298,5.4123,98.2469
365,16:02:12,0.01,0.01,100,100,293,0,293,0.01,0.876,0.876,144.4798,144.4798,295.3667,293.0297,5.4215,98.248
366,16:02:13,0.01,0.01,100,100,293,0,293,0.01,0.8754,0.8754,144.3741,144.3741,295.3602,293.0296,5.4307,98.2491
367,16:02:14,0.01,0.01,100,100,293,0,293,0.01,0.8749,0.8749,144.2682,144.2682,295.3536,293.0295,5.4398,98.2503
368,16:02:15,0.01,0.01,100,100,293,0,293,0.01,0.8743,0.8743,144.1623,144.1623,295.3471,293.0295,5.4489,98.2514
369,16:02:16,0.01,0.01,100,100,293,0,293,0.01,0.8738,0.8738,144.0562,144.0562,295.3407,293.0294,5.458,98.2525
370,16:02:17,0.01,0.01,100,100,293,0,293,0.01,0.8732,0.8732,143.9501,143.9501,295.3342,293.0293,5.4671,98.2536
371,16:02:18,0.01,0.01,100,100,293,0,293,0.01,0.8726,0.8726,143.8439,143.8439,295.3279,293.0292,5.4761,98.2547
372,16:02:19,0.01,0.01,100,100,293,0,293,0.01,0.8721,0.8721,143.7376,143.7376,295.3215,293.0291,5.4852,98.2558
373,16:02:20,0.01,0.01,100,100,293,0,293,0.01,0.8715,0.8715,143.6312,143.6312,295.3152,293.029,5.4942,98.2569
374,16:02:21,0.01,0.01,100,100,293,0,293,0.01,0.871,0.871,143.5247,143.5247,295.3089,293.0289,5.5032,98.258
375,16:02:22,0.01,0.01,100,100,293,0,293,0.01,0.8704,0.8704,143.4181,143.4181,295.3026,293.0289,5.5122,98.2591
376,16:02:23,0.01,0.01,100,100,293,0,293,0.01,0.8699,0.8699,143.3114,143.3114,295.2964,293.0288,5.5211,98.2602
377,16:02:24,0.01,0.01,100,100,293,0,293,0.01,0.8693,0.8693,143.2047,143.2047,295.2902,293.0287,5.5301,98.2613
378,16:02:25,0.01,0.01,100,100,293,0,293,0.01,0.8688,0.8688,143.0979,143.0979,295.284,293.0286,5.539,98.2624
379,16:02:26,0.01,0.01,100,100,293,0,293,0.01,0.8683,0.8683,142.991,142.991,295.2779,293.0285,5.5479,98.2635
380,16:02:27,0.01,0.01,100,100,293,0,293,0.01,0.8677,0.8677,142.884,142.884,295.2718,293.0284,5.5568,98.2646
381,16:02:28,0.01,0.01,100,100,293,0,293,0.01,0.8672,0.8672,142.7769,142.7769,295.2657,293.0284,5.5657,98.2656
382,16:02:29,0.01,0.01,100,100,293,0,293,0.01,0.8667,0.8667,142.6698,142.6698,295.2597,293.0283,5.5745,98.2667
383,16:02:30,0.01,0.01,100,100,293,0,293,0.01,0.8661,0.8661,142.5626,142.5626,295.2537,293.0282,5.5834,98.2678
384,16:02:31,0.01,0.01,100,100,293,0,293,0.01,0.8656,0.8656,142.4553,142.4553,295.2477,293.0281,5.5922,98.2688
385,16:02:32,0.01,0.01,100,100,293,0,293,0.01,0.8651,0.8651,142.348,142.348,295.2418,293.0281,5.601,98.2699
386,16:02:33,0.01,0.01,100,100,293,0,293,0.01,0.8645,0.8645,142.2406,142.2406,295.2358,293.028,5.6098,98.2709
387,16:02:34,0.01,0.01,100,100,293,0,293,0.01,0.864,0.864,142.1331,142.1331,295.23,293.0279,5.6186,98.272
388,16:02:35,0.01,0.01,100,100,293,0,293,0.01,0.8635,0.8635,142.0256,142.0256,295.2241,293.0278,5.6273,98.273
389,16:02:36,0.01,0.01,100,100,293,0,293,0.01,0.863,0.863,141.918,141.918,295.2183,293.0277,5.6361,98.2741
390,16:02:37,0.01,0.01,100,100,293,0,293,0.01,0.8625,0.8625,141.8104,141.8104,295.2125,293.0277,5.6448,98.2751
391,16:02:38,0.01,0.01,100,100,293,0,293,0.01,0.8619,0.8619,141.7027,141.7027,295.2067,293.0276,5.6535,98.2761
392,16:02:39,0.01,0.01,100,100,293,0,293,0.01,0.8614,0.8614,141.5949,141.5949,295.201,293.0275,5.6622,98.2772
393,16:02:40,0.01,0.01,100,100,293,0,293,0.01,0.8609,0.8609,141.4871,141.4871,295.1953,293.0274,5.6708,98.2782
394,16:02:41,0.01,0.01,100,100,293,0,293,0.01,0.8604,0.8604,141.3792,141.3792,295.1896,293.0274,5.6795,98.2792
395,16:02:42,0.01,0.01,100,100,293,0,293,0.01,0.8599,0.8599,141.2713,141.2713,295.184,293.0273,5.6881,98.2802
396,16:02:43,0.01,0.01,100,100,293,0,293,0.01,0.8594,0.8594,141.1633,141.1633,295.1784,293.0272,5.6967,98.2812
397,16:02:44,0.01,0.01,100,100,293,0,293,0.01,0.8589,0.8589,141.0553,141.0553,295.1728,293.0271,5.7053,98.2822
398,16:02:45,0.01,0.01,100,100,293,0,293,0.01,0.8584,0.8584,140.9472,140.9472,295.1672,293.0271,5.7139,98.2832
399,16:02:46,0.01,0.01,100,100,293,0,293,0.01,0.8579,0.8579,140.8391,140.8391,295.1617,293.027,5.7224,98.2843
400,16:02:47,0.01,0.01,100,100,293,0,293,0.01,0.8574,0.8574,140.7309,140.7309,295.1562,293.0269,5.731,98.2852
401,16:02:48,0.01,0.01,100,100,293,0,293,0.01,0.8569,0.8569,140.6227,140.6227,295.1507,293.0268,5.7395,98.2862
402,16:02:49,0.01,0.01,100,100,293,0,293,0.01,0.8564,0.8564,140.5144,140.5144,295.1452,293.0268,5.748,98.2872
403,16:02:50,0.01,0.01,100,100,293,0,293,0.01,0.8559,0.8559,140.4061,140.4061,295.1398,293.0267,5.7565,98.2882
404,16:02:51,0.01,0.01,100,100,293,0,293,0.01,0.8554,0.8554,140.2978,140.2978,295.1344,293.0266,5.765,98.2892
405,16:02:52,0.01,0.01,100,100,293,0,293,0.01,0.8549,0.8549,140.1894,140.1894,295.129,293.0266,5.7735,98.2902
406,16:02:53,0.01,0.01,100,100,293,0,293,0.01,0.8544,0.8544,140.081,140.081,295.1237,293.0265,5.7819,98.2912
407,16:02:54,0.01,0.01,100,100,293,0,293,0.01,0.8539,0.8539,139.9726,139.9726,295.1184,293.0264,5.7903,98.2921
408,16:02:55,0.01,0.01,100,100,293,0,293,0.01,0.8534,0.8534,139.8641,139.8641,295.1131,293.0264,5.7987,98.2931
409,16:02:56,0.01,0.01,100,100,293,0,293,0.01,0.853,0.853,139.7556,139.7556,295.1078,293.0263,5.8071,98.2941
410,16:02:57,0.01,0.01,100,100,293,0,293,0.01,0.8525,0.8525,139.647,139.647,295.1026,293.0262,5.8155,98.295
411,16:02:58,0.01,0.01,100,100,293,0,293,0.01,0.852,0.852,139.5384,139.5384,295.0973,293.0261,5.8239,98.296
412,16:02:59,0.01,0.01,100,100,293,0,293,0.01,0.8515,0.8515,139.4298,139.4298,295.0922,293.0261,5.8322,98.297
413,16:03:00,0.01,0.01,100,100,293,0,293,0.01,0.851,0.851,139.3212,139.3212,295.087,293.026,5.8405,98.2979
414,16:03:01,0.01,0.01,100,100,293,0,293,0.01,0.8506,0.8506,139.2125,139.2125,295.0818,293.0259,5.8488,98.2989
415,16:03:02,0.01,0.01,100,100,293,0,293,0.01,0.8501,0.8501,139.1038,139.1038,295.0767,293.0259,5.8571,98.2998
416,16:03:03,0.01,0.01,100,100,293,0,293,0.01,0.8496,0.8496,138.9951,138.9951,295.0716,293.0258,5.8654,98.3008
417,16:03:04,0.01,0.01,100,100,293,0,293,0.01,0.8492,0.8492,138.8864,138.8864,295.0666,293.0257,5.8737,98.3017
418,16:03:05,0.01,0.01,100,100,293,0,293,0.01,0.8487,0.8487,138.7776,138.7776,295.0615,293.0257,5.8819,98.3026
419,16:03:06,0.01,0.01,100,100,293,0,293,0.01,0.8482,0.8482,138.6688,138.6688,295.0565,293.0256,5.8901,98.3036
420,16:03:07,0.01,0.01,100,100,293,0,293,0.01,0.8478,0.8478,138.56,138.56,295.0515,293.0255,5.8983,98.3045
421,16:03:08,0.01,0.01,100,100,293,0,293,0.01,0.8473,0.8473,138.4512,138.4512,295.0465,293.0255,5.9065,98.3054
422,16:03:09,0.01,0.01,100,100,293,0,293,0.01,0.8468,0.8468,138.3423,138.3423,295.0416,293.0254,5.9147,98.3063
423,16:03:10,0.01,0.01,100,100,293,0,293,0.01,0.8464,0.8464,138.2335,138.2335,295.0367,293.0253,5.9229,98.3073
424,16:03:11,0.01,0.01,100,100,293,0,293,0.01,0.8459,0.8459,138.1246,138.1246,295.0318,293.0253,5.931,98.3082
425,16:03:12,0.01,0.01,100,100,293,0,293,0.01,0.8455,0.8455,138.0157,138.0157,295.0269,293.0252,5.9392,98.3091
426,16:03:13,0.01,0.01,100,100,293,0,293,0.01,0.845,0.845,137.9068,137.9068,295.0221,293.0252,5.9473,98.31
427,16:03:14,0.01,0.01,100,100,293,0,293,0.01,0.8445,0.8445,137.7979,137.7979,295.0172,293.0251,5.9554,98.3109
428,16:03:15,0.01,0.01,100,100,293,0,293,0.01,0.8441,0.8441,137.689,137.689,295.0124,293.025,5.9634,98.3118
429,16:03:16,0.01,0.01,100,100,293,0,293,0.01,0.8436,0.8436,137.5801,137.5801,295.0076,293.025,5.9715,98.3127
430,16:03:17,0.01,0.01,100,100,293,0,293,0.01,0.8432,0.8432,137.4711,137.4711,295.0029,293.0249,5.9796,98.3136
431,16:03:18,0.01,0.01,100,100,293,0,293,0.01,0.8427,0.8427,137.3622,137.3622,294.9981,293.0248,5.9876,98.3145
432,16:03:19,0.01,0.01,100,100,293,0,293,0.01,0.8423,0.8423,137.2532,137.2532,294.9934,293.0248,5.9956,98.3154
433,16:03:20,0.01,0.01,100,100,293,0,293,0.01,0.8419,0.8419,137.1443,137.1443,294.9887,293.0247,6.0036,98.3163
434,16:03:21,0.01,0.01,100,100,293,0,293,0.01,0.8414,0.8414,137.0353,137.0353,294.984,293.0247,6.0116,98.3172
435,16:03:22,0.01,0.01,100,100,293,0,293,0.01,0.841,0.841,136.9263,136.9263,294.9794,293.0246,6.0195,98.3181
436,16:03:23,0.01,0.01,100,100,293,0,293,0.01,0.8405,0.8405,136.8174,136.8174,294.9748,293.0245,6.0275,98.3189
437,16:03:24,0.01,0.01,100,100,293,0,293,0.01,0.8401,0.8401,136.7084,136.7084,294.9702,293.0245,6.0354,98.3198
438,16:03:25,0.01,0.01,100,100,293,0,293,0.01,0.8397,0.8397,136.5994,136.5994,294.9656,293.0244,6.0434,98.3207
439,16:03:26,0.01,0.01,100,100,293,0,293,0.01,0.8392,0.8392,136.4904,136.4904,294.961,293.0244,6.0513,98.3216
440,16:03:27,0.01,0.01,100,100,293,0,293,0.01,0.8388,0.8388,136.3815,136.3815,294.9565,293.0243,6.0591,98.3224
441,16:03:28,0.01,0.01,100,100,293,0,293,0.01,0.8384,0.8384,136.2725,136.2725,294.9519,293.0242,6.067,98.3233
442,16:03:29,0.01,0.01,100,100,293,0,293,0.01,0.8379,0.8379,136.1635,136.1635,294.9474,293.0242,6.0749,98.3242
443,16:03:30,0.01,0.01,100,100,293,0,293,0.01,0.8375,0.8375,136.0546,136.0546,294.9429,293.0241,6.0827,98.325
444,16:03:31,0.01,0.01,100,100,293,0,293,0.01,0.8371,0.8371,135.9456,135.9456,294.9385,293.0241,6.0905,98.3259
445,16:03:32,0.01,0.01,100,100,293,0,293,0.01,0.8366,0.8366,135.8367,135.8367,294.934,293.024,6.0983,98.3267
446,16:03:33,0.01,0.01,100,100,293,0,293,0.01,0.8362,0.8362,135.7277,135.7277,294.9296,293.0239,6.1061,98.3276
447,16:03:34,0.01,0.01,100,100,293,0,293,0.01,0.8358,0.8358,135.6188,135.6188,294.9252,293.0239,6.1139,98.3284
448,16:03:35,0.01,0.01,100,100,293,0,293,0.01,0.8354,0.8354,135.5099,135.5099,294.9208,293.0238,6.1217,98.3293
449,16:03:36,0.01,0.01,100,100,293,0,293,0.01,0.8349,0.8349,135.401,135.401,294.9165,293.0238,6.1294,98.3301
450,16:03:37,0.01,0.01,100,100,293,0,293,0.01,0.8345,0.8345,135.2921,135.2921,294.9121,293.0237,6.1372,98.3309
451,16:03:38,0.01,0.01,100,100,293,0,293,0.01,0.8341,0.8341,135.1832,135.1832,294.9078,293.0237,6.1449,98.3318
452,16:03:39,0.01,0.01,100,100,293,0,293,0.01,0.8337,0.8337,135.0743,135.0743,294.9035,293.0236,6.1526,98.3326
453,16:03:40,0.01,0.01,100,100,293,0,293,0.01,0.8333,0.8333,134.9655,134.9655,294.8992,293.0236,6.1603,98.3334
454,16:03:42,0.01,0.01,100,100,293,0,293,0.01,0.8329,0.8329,134.8566,134.8566,294.895,293.0235,6.1679,98.3343
455,16:03:43,0.01,0.01,100,100,293,0,293,0.01,0.8325,0.8325,134.7478,134.7478,294.8907,293.0234,6.1756,98.3351
456,16:03:43,0.01,0.01,100,100,293,0,293,0.01,0.832,0.832,134.639,134.639,294.8865,293.0234,6.1832,98.3359
457,16:03:45,0.01,0.01,100,100,293,0,293,0.01,0.8316,0.8316,134.5302,134.5302,294.8823,293.0233,6.1909,98.3367
458,16:03:46,0.01,0.01,100,100,293,0,293,0.01,0.8312,0.8312,134.4214,134.4214,294.8781,293.0233,6.1985,98.3375
459,16:03:47,0.01,0.01,100,100,293,0,293,0.01,0.8308,0.8308,134.3127,134.3127,294.8739,293.0232,6.2061,98.3384
460,16:03:48,0.01,0.01,100,100,293,0,293,0.01,0.8304,0.8304,134.2039,134.2039,294.8698,293.0232,6.2136,98.3392
461,16:03:49,0.01,0.01,100,100,293,0,293,0.01,0.83,0.83,134.0952,134.0952,294.8656,293.0231,6.2212,98.34
462,16:03:50,0.01,0.01,100,100,293,0,293,0.01,0.8296,0.8296,133.9865,133.9865,294.8615,293.0231,6.2287,98.3408
463,16:03:51,0.01,0.01,100,100,293,0,293,0.01,0.8292,0.8292,133.8779,133.8779,294.8574,293.023,6.2363,98.3416
464,16:03:52,0.01,0.01,100,100,293,0,293,0.01,0.8288,0.8288,133.7692,133.7692,294.8534,293.023,6.2438,98.3424
